Edition, Year, Hosts, Start, End, Teams #, Teams, First place, Second Place, Third Place, Fourth Place, Notes
1, 1957, Sudan, 10/02/1957, 16/02/1957, 3, Egypt; Ethiopia; Sudan, Egypt, Ethiopia, Sudan, -, South Africa were disqualified
2, 1959, United Arab Republic, 22/05/1959, 29/05/1959, 3, United Arab Republic; Sudan; Ethiopia, United Arab Republic, Sudan, Ethiopia, -, 
3, 1962, Ethiopia, 14/01/1962, 21/01/1962, 4, Ethiopia; United Arab Republic; Tunisia; Uganda, Ethiopia, United Arab Republic, Tunisia, Uganda, 
4, 1963, Ghana, 24/11/1963, 01/12/1963, 6, Ghana; Ethiopia; United Arab Republic; Sudan; Tunisia; Nigeria, Ghana, Sudan, United Arab Republic, Ethiopia, 
5, 1965, Tunisia, 12/11/1965, 21/11/1965, 6, Tunisia; Ghana; Ethiopia; Senegal; Ivory Coast; Congo-Léopoldville, Ghana, Tunisia, Ivory Coast, Senegal, 
6, 1968, Ethiopia, 12/01/1968, 21/01/1968, 8, Ethiopia; Ghana; Algeria; Ivory Coast; Uganda; Congo-Brazzaville; Congo-Kinshasa; Senegal, Congo-Kinshasa, Ghana, Ivory Coast, Ethiopia, 
7, 1970, Sudan, 06/02/1970, 16/02/1970, 8, Sudan; Congo-Kinshasa; Ethiopia; Cameroon; Ghana; United Arab Republic; Ivory Coast; Guinea, Sudan, Ghana, United Arab Republic, Ivory Coast, 
8, 1972, Cameroon, 23/02/1972, 05/03/1972, 8, Cameroon; Sudan; Morocco; Togo; Mali; Congo; Kenya; Zaire, PR Congo, Mali, Cameroon, Zaire, 
9, 1974, Egypt, 01/03/1974, 14/03/1974, 8, Egypt; Congo; Guinea; Mauritius; Uganda; Zaire; Zambia; Ivory Coast, Zaire, Zambia, Egypt, PR Congo, 
10, 1976, Ethiopia, 29/02/1976, 14/03/1976, 8, Ethiopia; Zaire; Morocco; Guinea; Nigeria; Egypt; Sudan; Uganda, Morocco, Guinea, Nigeria, Egypt, 
11, 1978, Ghana, 05/03/1978, 16/03/1978, 8, Ghana; Morocco; Nigeria; Uganda; Zambia; Upper Volta[b]; Congo; Tunisia, Ghana, Uganda, Nigeria, Tunisia, 
12, 1980, Nigeria, 08/03/1980, 22/03/1980, 8, Nigeria; Ghana; Ivory Coast; Morocco; Algeria; Egypt; Guinea; Tanzania, Nigeria, Algeria, Morocco, Egypt, 
13, 1982, Libya, 05/03/1982, 19/03/1982, 8, Libya; Nigeria; Ghana; Cameroon; Zambia; Algeria; Ethiopia; Tunisia, Ghana, Libya, Zambia, Algeria, 
14, 1984, Ivory Coast, 04/03/1984, 18/03/1984, 8, Ivory Coast; Ghana; Algeria; Cameroon; Egypt; Malawi; Nigeria; Togo, Cameroon, Nigeria, Algeria, Egypt, 
15, 1986, Egypt, 07/03/1986, 21/03/1986, 8, Egypt; Cameroon; Algeria; Zambia; Ivory Coast; Senegal; Morocco; Mozambique, Egypt, Cameroon, Ivory Coast, Morocco, 
16, 1988, Morocco, 16/03/1988, 27/03/1988, 8, Morocco; Egypt; Algeria; Cameroon; Kenya; Nigeria; Ivory Coast; Zaire, Cameroon, Nigeria, Algeria, Morocco, 
17, 1990, Algeria, 02/03/1990, 16/03/1990, 8, Algeria; Cameroon; Senegal; Kenya; Egypt; Ivory Coast; Nigeria; Zambia, Algeria, Nigeria, Zambia, Senegal, 
18, 1992, Senegal, 12/01/1992, 26/01/1992, 12, Senegal; Algeria; Cameroon; Congo; Egypt; Ghana; Ivory Coast; Kenya; Morocco; Nigeria; Zaire; Zambia, Ivory Coast, Ghana, Nigeria, Cameroon, 
19, 1994, Tunisia, 26/03/1994, 10/04/1994, 12, Tunisia; Ivory Coast; Nigeria; Egypt; Gabon; Ghana; Mali; Senegal; Zaire; Zambia; Sierra Leone; Guinea, Nigeria, Zambia, Ivory Coast, Mali, 
20, 1996, South Africa, 13/01/1996, 03/02/1996, 15, South Africa; Gabon; Zaire; Zambia; Algeria; Angola; Burkina Faso; Cameroon; Egypt; Ghana; Ivory Coast; Liberia; Mozambique; Sierra Leone; Tunisia, South Africa, Tunisia, Zambia, Ghana, Nigeria withdrew prior to the start
21, 1998, Burkina Faso, 07/02/1998, 28/02/1998, 16, Burkina Faso; South Africa; Ghana; Guinea; Tunisia; Algeria; Angola; Cameroon; DR Congo; Egypt; Ivory Coast; Morocco; Mozambique; Namibia; Togo; Zambia, Egypt, South Africa, DR Congo, Burkina Faso, 
22, 2000, Ghana and Nigeria, 22/01/2000, 13/02/2000, 16, Egypt; Ghana; Nigeria; Burkina Faso; Cameroon; Morocco; Algeria; Congo; DR Congo; Gabon; Ivory Coast; South Africa; Togo; Tunisia; Zambia; Senegal, Cameroon, Nigeria, South Africa, Tunisia, 
23, 2002, Mali, 19/01/2002, 10/02/2002, 16, Mali; Cameroon; Liberia; Morocco; Nigeria; Algeria; Burkina Faso; DR Congo; Egypt; Ghana; Ivory Coast; Senegal; South Africa; Togo; Tunisia; Zambia, Cameroon, Senegal, Nigeria, Mali, 
24, 2004, Tunisia, 24/01/2004, 14/02/2004, 16, Tunisia; Cameroon; Nigeria; Guinea; Benin; Burkina Faso; Kenya; Mali; Morocco; Senegal; DR Congo; Egypt; South Africa; Algeria; Rwanda; Zimbabwe, Tunisia, Morocco, Nigeria, Mali, 
25, 2006, Egypt, 20/01/2006, 10/02/2006, 16, Angola; Cameroon; DR Congo; Ivory Coast; Egypt; Ghana; Guinea; Libya; Morocco; Nigeria; Senegal; South Africa; Togo; Tunisia; Zambia; Zimbabwe, Egypt, Ivory Coast, Nigeria, Senegal, 
26, 2008, Ghana, 20/01/2008, 10/02/2008, 16, Ghana; Ivory Coast; Egypt; Nigeria; Sudan; Cameroon; Angola; Senegal; Guinea; Mali; Namibia; Zambia; Morocco; Tunisia; Benin; South Africa, Egypt, Cameroon, Ghana, Ivory Coast, 
27, 2010, Angola, 10/01/2010, 31/01/2010, 15, Algeria; Angola; Benin; Burkina Faso; Cameroon; Egypt; Gabon; Ghana; Ivory Coast; Malawi; Mali; Mozambique; Nigeria; Tunisia; Zambia, Egypt, Ghana, Nigeria, Algeria, Togo were formally disqualified for failing to fulfil their opening match
28, 2012, Equatorial Guinea and Gabon, 19/01/2012, 10/02/2012, 16, Angola; Botswana; Burkina Faso; Ivory Coast; Equatorial Guinea; Gabon; Ghana; Guinea; Libya; Mali; Morocco; Niger; Senegal; Sudan; Tunisia; Zambia, Zambia, Ivory Coast, Mali, Ghana, 
29, 2013, South Africa, 19/01/2013, 10/02/2013, 16, South Africa; Ghana; Mali; Zambia; Nigeria; Tunisia; Ivory Coast; Morocco; Ethiopia; Cape Verde; Angola; Niger; Togo; DR Congo; Burkina Faso; Algeria, Nigeria, Burkina Faso, Mali, Ghana, 
30, 2015, Equatorial Guinea, 17/01/2015, 08/02/2015, 16, Equatorial Guinea; South Africa; Congo; Algeria; Mali; Gabon; Burkina Faso; Cameroon; Ivory Coast; Ghana; Guinea; Cape Verde; Zambia; Tunisia; Senegal; DR Congo, Ivory Coast, Ghana, DR Congo, Equatorial Guinea, 
31, 2017, Gabon, 14/01/2017, 05/02/2017, 16, Gabon; Morocco; Algeria; Cameroon; Senegal; Egypt; Ghana; Guinea-Bissau; Zimbabwe; Mali; Ivory Coast; Uganda; Burkina Faso; Tunisia; DR Congo; Togo, Cameroon, Egypt, Burkina Faso, Ghana, 
32, 2019, Egypt, 21/06/2019, 19/07/2019, 24, Egypt; Madagascar; Tunisia; Senegal; Morocco; Nigeria; Uganda; Mali; Guinea; Algeria; Mauritania; Ivory Coast; Kenya; Ghana; Angola; Burundi; Cameroon; Guinea-Bissau; Namibia; Zimbabwe; DR Congo; Benin; Tanzania; South Africa, Algeria, Senegal, Nigeria, Tunisia, 
33, 2021, Cameroon, 09/01/2021, 06/02/2021, 24, Cameroon; Senegal; Algeria; Mali; Tunisia; Burkina Faso; Guinea; Comoros; Gabon; Gambia; Egypt; Ghana; Equatorial Guinea; Zimbabwe; Ivory Coast; Morocco; Nigeria; Sudan; Malawi; Ethiopia; Mauritania; Guinea-Bissau; Cape Verde; Sierra Leone, Senegal, Egypt, Cameroon, Burkina Faso, 
34, 2023, Ivory Coast, 13/01/2023, 11/02/2023, 24, Ivory Coast; Morocco; Senegal; Tunisia; Algeria; Egypt; Nigeria; Cameroon; Mali; Burkina Faso; Ghana; DR Congo; South Africa; Cape Verde; Guinea; Zambia; Equatorial Guinea; Mauritania; Guinea-Bissau; Mozambique; Namibia; Angola; Gambia; Tanzania, Ivory Coast, Nigeria, South Africa, DR Congo, 
35, 2025, Morocco, 21/12/2025, 18/01/2026, 24, Morocco; Senegal; Egypt; Algeria; Nigeria; Ivory Coast; Cameroon; Mali; Tunisia; South Africa; DR Congo; Burkina Faso; Gabon; Angola; Zambia; Uganda; Equatorial Guinea; Benin; Mozambique; Comoros; Tanzania; Sudan; Zimbabwe; Botswana, Senegal, Morocco, Nigeria, Egypt, 
36, 2027, Kenya and Tanzania and Uganda, 01/01/2027, 01/01/2027, 24, , , , , , 
37, 2028, TBD, 01/01/2028, 01/01/2028, 24, , , , , , 