Name, Owner Country, Location Country, State, Address, Year Opened, Lat, Lng, Type
Barking Sands Missile Range Navy Base in Kekaha, USA, USA, HI, , , , , air-force; army; coast-guard; joint-operations; marine-corps; navy
Barksdale Air Force Base in Bossier City, USA, USA, LA, , , , , air-force
Barry M Goldwater Range Air Force Base in Phoenix, USA, USA, AZ, , , , , air-force
Beale Air Force Base in Marysville, USA, USA, CA, , , , , air-force
Bellows Air Force Station Base in Waimanalo, USA, USA, HI, , , , , air-force
Biggs Army Air Field at Fort Bliss in El Paso, USA, USA, TX, , , , , air-force; army; coast-guard; joint-operations; marine-corps; navy
Blount Island Command Marine Corps in Jacksonville, USA, USA, FL, , , , , air-force; army; coast-guard; joint-operations; marine-corps; navy
Blue Grass Army Depot Base in Richmond, USA, USA, KY, , , , , army
Bolling Air Force Base in Washington, USA, USA, DC, , , , , air-force
Brooks City Air Force Base in San Antonio, USA, USA, TX, , , , , air-force
Buckley Air Force Base in Aurora, USA, USA, CO, , , , , air-force
Camp Atterbury Army Base in Edinburgh, USA, USA, IN, , , , , army
Camp Beauregard Army Base in Pineville, USA, USA, LA, , , , , army
Camp Blanding Army Base in Starke, USA, USA, FL, , , , , army
Camp Bowie Army Base in Brownwood, USA, USA, TX, , , , , army
Camp Bullis Army Base in San Antonio, USA, USA, TX, , , , , army
Camp Dodge Army Base in Johnston, USA, USA, IA, , , , , army
Camp Frank D Merrill Army Base in Dahlonega, USA, USA, GA, , , , , army
Camp Haan Army Base in Riverside, USA, USA, CA, , , , , army
Camp Joseph Robinson Army Base in North Little Rock, USA, USA, AR, , , , , army
Camp Lejeune Marine Corps Base in Onslow County, USA, USA, NC, , , , , marine-corps
Camp Mabry Army Base in Austin, USA, USA, TX, , , , , army
Camp Mackall Army Base in Southern Pines, USA, USA, NC, , , , , army
Camp Murray Army Base in Tacoma, USA, USA, WA, , , , , air-force
Camp Navajo Army Base in Flagstaff, USA, USA, AZ, , , , , army
Camp Parks PRFTA Army Base in Dublin, USA, USA, CA, , , , , army
Camp Pendleton Marine Corps Base in San Diego, USA, USA, CA, , , , , marine-corps
Camp Pendleton’s Camp Talega Part of San Diego, USA, USA, CA, , , , , marine-corps
Camp Price Support Center Army Base in Granite City, USA, USA, IL, , , , , army
Camp Roberts Army Base in Monterey, USA, USA, CA, , , , , army
Camp San Luis Obispo Army Base in San Luis Obispo, USA, USA, CA, , , , , army
Camp Shelby Army Base in Hattiesburg, USA, USA, MS, , , , , army
Camp Stanley Storage Activity Army in San Antonio, USA, USA, TX, , , , , army
Camp Swift Army Base in Bastrop County, USA, USA, TX, , , , , army
Cannon Air Force Base in Curry, USA, USA, NM, , , , , air-force
Carderock Division of the Naval Surface Warfare Center, USA, USA, MD, , , , , navy
Carlisle Barracks Army Base in Carlisle, USA, USA, PA, , , , , army
Cheyenne Mountain Air Force Base Colorado Springs, USA, USA, CO, , , , , air-force
Chocolate Mountain Range Navy in Chocolate Mountain, USA, USA, CA, , , , , navy
Clear Air Force Station Base in Denali Borough, USA, USA, AK, , , , , air-force
Coast Guard Academy in New London, USA, USA, CT, , , , , coast-guard
Coast Guard Headquarters in Washington, USA, USA, DC, , , , , coast-guard
Coast Guard Institute in Oklahoma City, USA, USA, OK, , , , , coast-guard
Coast Guard Yard in Baltimore, USA, USA, MD, , , , , coast-guard
Container Inspection Training USCG Oklahoma City, USA, USA, OK, , , , , coast-guard
Corpus Christi Army Depot, USA, USA, TX, , , , , army
Creech Air Force Base in Indian Springs, USA, USA, NV, , , , , air-force
Davis Monthan Air Force Base in Tucson, USA, USA, AZ, , , , , air-force
Detroit Arsenal Army Base in Warren, USA, USA, MI, , , , , army
District 7 Coast Guard Base in Miami, USA, USA, FL, , , , , coast-guard
Dobbins Air Reserve Base in Marietta, USA, USA, GA, , , , , air-force
Dover Air Force Base in Dover, USA, USA, DE, , , , , air-force
Dugway Proving Ground Army Base in Tooele County, USA, USA, UT, , , , , army
Dyess Air Force Base in Abilene, USA, USA, TX, , , , , air-force
Edwards Air Force Base in Edwards, USA, USA, CA, , , , , air-force
Eglin Air Force Base in Valparaiso, USA, USA, FL, , , , , air-force
Eielson Air Force Base in North Pole, USA, USA, AK, , , , , air-force
Ellsworth Air Force Base in Rapid City, USA, USA, SD, , , , , air-force
Elmendorf Air Force Base in Anchorage, USA, USA, AK, , , , , air-force
Fairchild Air Force Base in Spokane, USA, USA, WA, , , , , air-force
Finance Center Coast Guard Base in Chesapeake, USA, USA, VA, , , , , coast-guard
Fort AP Hill Army Base in Bowling Green, USA, USA, VA, , , , , army
Fort Belvoir Army Base in Fairfax, USA, USA, VA, , , , , army
Fort Benning Army Base in Columbus, USA, USA, GA, , , , , army
Fort Bliss Army Base in El Paso, USA, USA, TX, , , , , army
Fort Bragg Army Base in Fayetteville, USA, USA, NC, , , , , army
Fort Campbell Army Base in Hokinsville, USA, USA, KY, , , , , army
Fort Carson Army Base in El Paso, USA, USA, CO, , , , , army
Fort Chaffee Army Base in Fort Smith, USA, USA, AR, , , , , army
Fort Derussy Army Base in Honolulu, USA, USA, HI, , , , , army
Fort Des Moines Army Base in Des Moines, USA, USA, IA, , , , , army
Fort Detrick Army Base in Frederick, USA, USA, MD, , , , , army
Fort Devens Army Base in Devens, USA, USA, MA, , , , , army
Fort Dix Army Base in Burlington, USA, USA, NJ, , , , , army
Fort Drum Army Base in Jefferson, USA, USA, NY, , , , , army
Fort Eustis Army Base in Newport News, USA, USA, VA, , , , , army
Fort Gillem Army Base in Forest Park, USA, USA, GA, , , , , army
Fort Gordon Army Base in Augusta, USA, USA, GA, , , , , army
Fort Greely Army Base in Fairbanks, USA, USA, AK, , , , , army
Fort Hamilton Army Base in Brooklyn, USA, USA, NY, , , , , army
Fort Hood Army Base in Killeen, USA, USA, TX, , , , , army
Fort Huachuca Army Base in Cochise, USA, USA, AZ, , , , , army
Fort Hunter Liggett Army Base in Monterey, USA, USA, CA, , , , , army
Fort Irwin Army Base in Barstow, USA, USA, CA, , , , , army
Fort Jackson Army Base in Columbia, USA, USA, SC, , , , , army
Fort Knox Army Base in Hardin, USA, USA, KY, , , , , army
Fort Leavenworth Army Base in Leavenworth, USA, USA, KS, , , , , army
Fort Lee Army Base in Prince George, USA, USA, VA, , , , , army
Fort Leonard Wood Army Base in Pulaski, USA, USA, MO, , , , , army
Fort Lewis Army Base in Pierce, USA, USA, WA, , , , , army
Fort McClellan Army Base (Training Center) in Anniston, USA, USA, AL, , , , , army
Fort McCoy Army Base near Tomah, USA, USA, WI, , , , , army
Fort McNair Army Base in Washington, USA, USA, DC, , , , , army
Fort McPherson Army Base in East Point, USA, USA, GA, , , , , army
Fort Meade Army Base in Odenton, USA, USA, MD, , , , , army
Fort Monmouth Army Base in Monmouth, USA, USA, NJ, , , , , army
Fort Monroe Army Base in Hampton, USA, USA, VA, , , , , army
Fort Myer Army Base in Arlington, USA, USA, VA, , , , , army
Fort Pickett Army Base in Blackstone, USA, USA, VA, , , , , army
Fort Polk Army Base in Vernon Parish, USA, USA, LA, , , , , army
Fort Richardson Army Base in Anchorage, USA, USA, AK, , , , , army
Fort Riley Army Base in Riley, USA, USA, KS, , , , , army
Fort Rucker Army Base in Dale, USA, USA, AL, , , , , army
Fort Sam Houston Army Base in San Antonio, USA, USA, TX, , , , , army
Fort Shafter Army Base in Honolulu, USA, USA, HI, , , , , army
Fort Sill Army Base in Lawton, USA, USA, OK, , , , , army
Fort Stewart Army Base in Liberty, USA, USA, GA, , , , , army
Fort Wainwright Army Base in Fairbanks, USA, USA, AK, , , , , army
Francis E Warren Air Force Base in Cheyenne, USA, USA, WY, , , , , air-force
Goodfellow Air Force Base in San Angelo, USA, USA, TX, , , , , air-force
Grand Forks Air Force Base in Emerado, USA, USA, ND, , , , , air-force
Great Lakes Training Center Navy Base North Chicago, USA, USA, IL, , , , , navy
Grissom Air Reserve Base Air Force in Kokomo, USA, USA, IN, , , , , air-force
Gulfport Battalion Center Navy Base in Gulfport, USA, USA, MS, , , , , air-force
Hanscom Air Force Base in Bedford, USA, USA, MA, , , , , air-force
Hawthorne Army Depot Base in Hawthorne, USA, USA, NV, , , , , army
Henderson Hall Marine Corps Base in Arlington, USA, USA, VA, , , , , marine-corps
Hickam Air Force Base in Honolulu, USA, USA, HI, , , , , air-force
Hill Air Force Base in Ogden, USA, USA, UT, , , , , air-force
Holloman Air Force Base in Otero, USA, USA, NM, , , , , air-force
Holston Army Plant Army Base in Kingsport, USA, USA, TN, , , , , army
Homestead Air Reserve Base in Miami, USA, USA, FL, , , , , air-force
Hunter Army Airfield Army Base in Savannah, USA, USA, GA, , , , , army
Hurlburt Field Air Force Base in Mary Esther, USA, USA, FL, , , , , air-force
Iowa Army Plant Army Base in Des Moines County, USA, USA, IA, , , , , army
ISC Alameda Coast Guard Base in Alameda, USA, USA, CA, , , , , coast-guard
ISC Cleveland Coast Guard Base in Cleveland, USA, USA, OH, , , , , coast-guard
ISC Kodiak Coast Guard Base in Kodiak Island, USA, USA, AK, , , , , coast-guard
ISC Miami Coast Guard Base in Miami Beach, USA, USA, FL, , , , , coast-guard
Joint Base Charleston Air Force North in Charleston, USA, USA, SC, , , , , air-force
Joint Expeditionary Fort Story Naval Base Little Creek, USA, USA, VA, , , , , navy
Joint Reserve Base New Orleans Navy New Orleans, USA, USA, LA, , , , , navy
JRB Fort Worth Navy Base in Forth Worth, USA, USA, TX, , , , , navy
JRB Willow Grove Navy Base in Horsham Twp, USA, USA, PA, , , , , navy
Keesler Air Force Base in Biloxi, USA, USA, MS, , , , , air-force
Kings Bay Submarine Navy Base in Kings Bay, USA, USA, GA, , , , , navy
Kirtland Air Force Base in Bernalillo, USA, USA, NM, , , , , air-force
Lackland Air Force Base in San Antonio, USA, USA, TX, , , , , air-force
Langley Air Force Base in Hampton, USA, USA, VA, , , , , air-force
Laughlin Air Force Base in Del Rio, USA, USA, TX, , , , , air-force
Letterkenny Army Depot Army Base in Chambersburg, USA, USA, PA, , , , , army
Little Rock Air Force Base in Jacksonville, USA, USA, AR, , , , , air-force
Loran Support Unit Coast Guard Base in Wildwood, USA, USA, NJ, , , , , coast-guard
Los Alamitos Joint Forces in Los Alamitos, USA, USA, CA, , , , , joint-operations
Los Alamos Demolition Army Base in North Central, USA, USA, NM, , , , , army
Los Angeles Air Force Base in El Segundo, USA, USA, CA, , , , , air-force
Luke Air Force Base in Glendale, USA, USA, AZ, , , , , air-force
MacDill Air Force Base in Tampa, USA, USA, FL, , , , , air-force
Malmstrom Air Force Base in Cascade, USA, USA, MT, , , , , air-force
March Air Reserve Base Air Force in Riverside, USA, USA, CA, , , , , air-force
Marine Barracks Marine Corps Base in Washington, USA, USA, DC, , , , , marine-corps
Marine Corps Air Facility Quantico, USA, USA, VA, , , , , marine-corps
Marine Corps Support Facility in New Orleans, USA, USA, LA, , , , , marine-corps
Marine Safety Center Coast Guard Base in Washington, USA, USA, DC, , , , , coast-guard
Marine Safety Center Marine Base in Groton, USA, USA, CT, , , , , coast-guard
Marine Safety Unit Valdez Coast Guard Base in Valdez, USA, USA, AK, , , , , coast-guard
Martindale Army Airfield Army Base in San Antonio, USA, USA, TX, , , , , army
Maxwell Gunter Air Force Base in Montgomery, USA, USA, AL, , , , , air-force
MC Mobilization Command Marine Corps in Kansas City, USA, USA, MO, , , , , marine-corps
Mcalester Army Ammunition Army Base in Mcalester, USA, USA, OK, , , , , army
MCAS Beaufort Marine Corps Base in Beaufort, USA, USA, SC, , , , , marine-corps
MCAS Cherry Point Marine Corps Base in Havelock, USA, USA, NC, , , , , marine-corps
MCAS Miramar Marine Corps Base in San Diego, USA, USA, CA, , , , , marine-corps
MCAS New River Marine Corps Base in Jacksonville, USA, USA, NC, , , , , marine-corps
MCAS Yuma Marine Corps Base in Yuma, USA, USA, AZ, , , , , marine-corps
MCB Hawaii Marine Corps Base in Kaneohe, USA, USA, HI, , , , , marine-corps
McChord Air Force Base in Tacoma, USA, USA, WA, , , , , air-force
Mcclellan Air Force Base in Sacramento, USA, USA, CA, , , , , air-force
McConnell Air Force Base in Sedgwick, USA, USA, KS, , , , , air-force
Mcguire Air Force Base in New Hanover, USA, USA, NJ, , , , , air-force
MCLB Albany Army Base in Albany, USA, USA, GA, , , , , marine-corps
MCLB Barstow Marine Corps Base in Barstow, USA, USA, CA, , , , , marine-corps
MCRD Parris Island Marine Corps Base in Port Royal, USA, USA, SC, , , , , marine-corps
MCRD San Diego Marine Corps Base in San Diego, USA, USA, CA, , , , , marine-corps
Medical Center Portsmouth Navy Base in Portsmouth, USA, USA, VA, , , , , navy
Medical Education and Training Campus Fort Sam Houston, USA, USA, TX, , , , , navy
Milan Army Ammunition Plant Army Base in Milan, USA, USA, TN, , , , , army
Military Ocean Terminal Concord Navy Base Concord, USA, USA, CA, , , , , navy
Military Ocean Terminal Sunny Point Brunswick County, USA, USA, NC, , , , , navy
Minot Air Force Base in Ward, USA, USA, ND, , , , , air-force
Mississippi Ordnance Plant Army Base Monroe County, USA, USA, MS, , , , , army
Moody Air Force Base in Valdosta, USA, USA, GA, , , , , air-force
Mountain Home Air Force Base in Elmore, USA, USA, ID, , , , , air-force
Mountain Training Center Marine Corps Pickel Meadows, USA, USA, CA, , , , , marine-corps
NAB Little Creek Navy Base in Norfolk, USA, USA, VA, , , , , navy
NAES Lakehurst Navy Base in Lakehurst, USA, USA, NJ, , , , , navy
NAS Atlanta Navy Base in Marietta, USA, USA, GA, , , , , navy
NAS Brunswick Navy Base in Brunswick, USA, USA, ME, , , , , navy
NAS Corpus Christi Navy Base in Flour Bluff, USA, USA, TX, , , , , navy
NAS Fallon Navy Base in Fallon, USA, USA, NV, , , , , navy
NAS Jacksonville Navy Base in Jacksonville, USA, USA, FL, , , , , navy
NAS Key West Navy Base in Key West, USA, USA, FL, , , , , navy
NAS Kingsville Navy Base in Kingsville, USA, USA, TX, , , , , navy
NAS Lemoore Navy Base in Lemoore, USA, USA, CA, , , , , navy
NAS Meridian Navy Base in Meridian, USA, USA, MS, , , , , navy
NAS Oceana Naval Base in Virginia Beach, USA, USA, VA, , , , , navy
NAS Panama City Navy Base in Panama City, USA, USA, FL, , , , , navy
NAS Patuxent River Navy Base in Lexington Park, USA, USA, MD, , , , , navy
NAS Pensacola Navy Base in Pensacola, USA, USA, FL, , , , , navy
NAS Point Mugu Navy Base in Poing Mugu, USA, USA, CA, , , , , navy
NAS Whidbey Island Navy Base in Oak Harbor, USA, USA, WA, , , , , navy
NAS Whiting Field Navy Base in Milton, USA, USA, FL, , , , , navy
National Maritime Center Coast Guard in Arlington, USA, USA, VA, , , , , coast-guard
National Pollution Center Coast Guard in Arlington, USA, USA, VA, , , , , coast-guard
National Response Center Coast Guard in Washington, USA, USA, DC, , , , , coast-guard
National Strike Force Coast Guard in Elizabeth City, USA, USA, NC, , , , , coast-guard
Naval Academy Navy Base in Annapolis, USA, USA, MD, , , , , navy
Naval Air Facility Navy Base in El Centro, USA, USA, CA, , , , , navy
Naval Air Warfare Center Navy Base in Orlando, USA, USA, FL, , , , , navy
Naval Base Coronado Navy Base in San Diego, USA, USA, CA, , , , , navy
Naval Battalion Center Navy Base in Port Hueneme, USA, USA, CA, , , , , navy
Naval Hospital Beaufort Navy Base in Beaufort, USA, USA, SC, , , , , navy
Naval Hospital Bremerton Naval Base in Bremerton, USA, USA, WA, , , , , navy
Naval Hospital Charleston Navy Base North Charleston, USA, USA, SC, , , , , navy
Naval Hospital Jacksonville Navy Base in Jacksonville, USA, USA, FL, , , , , navy
Naval Hospital Pendleton Navy Base Camp Pendleton, USA, USA, CA, , , , , navy
Naval Hospital Pensacola Navy Base in Pensacola, USA, USA, FL, , , , , navy
Naval Magazine Indian Island, USA, USA, WA, , , , , navy
Naval Medical Center Navy Base in Bethesda, USA, USA, MD, , , , , navy
Naval Medical Center Navy Base in San Diego, USA, USA, CA, , , , , navy
Naval Postgraduate School Navy Base in Monterey, USA, USA, CA, , , , , navy
Naval Research Laboratory Navy Base in Washington, USA, USA, DC, , , , , navy
Naval Submarine Base New London in Groton, USA, USA, CT, , , , , navy
Naval Support Activity Hampton Roads, USA, USA, VA, , , , , navy
Naval Support Activity In Northeast Philadelphia, USA, USA, PA, , , , , navy
Naval Support Facility Thurmont/Camp David, USA, USA, MD, , , , , navy
Navigation Center Coast Guard Base in Alexandria, USA, USA, VA, , , , , coast-guard
Navy Base Kitsap Navy Base in Silverdale, USA, USA, WA, , , , , navy
NAWS China Lake Navy Base in China Lake, USA, USA, CA, , , , , navy
NCTAMS PAC Navy Base In in Wahiawa, USA, USA, HI, , , , , navy
Nellis Air Force Base in Clark, USA, USA, NV, , , , , air-force
New Cumberland Army Depot Army Base in Fairview, USA, USA, PA, , , , , army
Norfolk Naval Shipyard Navy Base in Portsmouth, USA, USA, VA, , , , , navy
North Island Naval Complex Navy Base in San Diego, USA, USA, CA, , , , , navy
NS Everett Navy Base in Everett, USA, USA, WA, , , , , navy
NS Ingleside Navy Base in Ingleside, USA, USA, TX, , , , , navy
NS Mayport Navy Base in Duval, USA, USA, FL, , , , , navy
NS Newport Naval Base in Newport, USA, USA, RI, , , , , navy
NS Norfolk Naval Base in Norfolk, USA, USA, VA, , , , , navy
NS Pascagoula Navy Base in Pascagoula, USA, USA, MS, , , , , navy
NS Pearl Harbor Navy Base in Oahu, USA, USA, HI, , , , , navy
NS Portsmouth Navy Base in Portsmouth, USA, USA, ME, , , , , navy
NS San Diego Navy Base in San Diego, USA, USA, CA, , , , , navy
NSA Annapolis Navy Base in Annapolis, USA, USA, MD, , , , , navy
NSA Mechanicsburg Navy Base in Mechanicsburg, USA, USA, PA, , , , , navy
NSA Mid South Naval Base in Millington, USA, USA, TN, , , , , navy
NSA New Orleans Navy Base in New Orleans, USA, USA, LA, , , , , navy
NSA Norfolk Navy Base in Norfolk, USA, USA, VA, , , , , navy
NSA Northwest Annex Navy Base in Chesapeake, USA, USA, VA, , , , , navy
NSF Indian Head Navy Base in Indian Head, USA, USA, MD, , , , , navy
NSWC Crane Division Navy Base in Martin County, USA, USA, IN, , , , , navy
NSWC Dahlgren Naval Base in Dahlgren, USA, USA, VA, , , , , navy
NWS Charleston Navy Base in Goose Creek, USA, USA, SC, , , , , navy
NWS Earle Navy Base in Colts Neck, USA, USA, NJ, , , , , navy
NWS Seal Beach Navy Base in Seal Beach, USA, USA, CA, , , , , navy
NWS Yorktown Navy Base in Yorktown, USA, USA, VA, , , , , navy
Offutt Air Force Base in Bellevue, USA, USA, NE, , , , , air-force
Operations Systems Center Coast Guard Martinsburg, USA, USA, WV, , , , , coast-guard
Patrick Air Force Base in Brevard, USA, USA, FL, , , , , air-force
Peterson Air Force Base in Colorado Springs, USA, USA, CO, , , , , air-force
Picatinny Arsenal Army Base in Morris County, USA, USA, NJ, , , , , army
Pine Bluff Arsenal Army Base in Jefferson County, USA, USA, AR, , , , , army
Pohakula Training Center Army North Central Hawaii, USA, USA, HI, , , , , army
Point Loma Navy Base in San Diego, USA, USA, CA, , , , , navy
Pope Air Force Base in Manchester, USA, USA, NC, , , , , air-force
Portsmouth Shipyard Navy Base in Portsmouth, USA, USA, NH, , , , , navy
Presidio Of Monterey Army Base in Monterey, USA, USA, CA, , , , , army
Pueblo Chemical Depot Army Base in Pueblo, USA, USA, CO, , , , , army
Quantico Military Reservation Marine Corps in Triangle, USA, USA, VA, , , , , marine-corps
Radford Army Ammunition Plant Army Base in Radford, USA, USA, VA, , , , , army
Randolph Air Force Base in Universal City, USA, USA, TX, , , , , air-force
Red River Army Depot Army Base I in Bowie County, USA, USA, TX, , , , , army
Redstone Arsenal Army Base in Madison, USA, USA, AL, , , , , army
Research And Development Center Coast Guard Groton, USA, USA, CT, , , , , coast-guard
Robins Air Force Base in Houston, USA, USA, GA, , , , , air-force
Rock Island Arsenal Army Base in Arsenal Island, USA, USA, IL, , , , , army
San Joaquin Depot Joint Operations San Joaquin County, USA, USA, CA, , , , , joint-operations
Saratoga Springs NSU Navy Base in Saratoga Springs, USA, USA, NY, , , , , navy
Schofield Barracks Army Base in Oahu, USA, USA, HI, , , , , army
Schriever Air Force Base in El Paso, USA, USA, CO, , , , , air-force
Scott Air Force Base in St Clair, USA, USA, IL, , , , , air-force
SCSC Wallops Island Navy Base in Wallops Island, USA, USA, VA, , , , , navy
Sector Hampton Roads Coast Guard Base Portsmouth, USA, USA, VA, , , , , coast-guard
Sector SE New England Coast Guard in Woods Hole, USA, USA, MA, , , , , coast-guard
Selfridge ANGB Air Force Base in Harrison, USA, USA, MI, , , , , air-force
Seymour Johnson Air Force Base in Goldsboro, USA, USA, NC, , , , , air-force
Shaw Air Force Base in Sumter, USA, USA, SC, , , , , air-force
Sheppard Air Force Base in Wichita Falls, USA, USA, TX, , , , , air-force
Sierra Army Depot Army Base in Herlong, USA, USA, CA, , , , , army
Simmons Army Airfield in Cumberland, USA, USA, NC, , , , , army
Soldier Systems Center Army Base in Natick, USA, USA, MA, , , , , army
Station Maui Coast Guard Base in Wailuku, USA, USA, HI, , , , , coast-guard
Surface Forces Logistics Coast Guard in Baltimore, USA, USA, MD, , , , , coast-guard
Telecomo Systems Command Coast Guard Alexandria, USA, USA, VA, , , , , coast-guard
The Pentagon in Washington, USA, USA, DC, , , , , army
Tinker Air Force Base in Oklahoma City, USA, USA, OK, , , , , air-force
Tobyhanna Army Depot Base in Tobyhanna, USA, USA, PA, , , , , army
Tooele Army Depot Base in Tooele, USA, USA, UT, , , , , army
Tracen Petaluma Coast Guard Base in Petaluma, USA, USA, CA, , , , , coast-guard
Training Center Cape May Coast Guard Cape May, USA, USA, NJ, , , , , coast-guard
Training Center Corry Navy Base in Pensacola, USA, USA, FL, , , , , navy
Training Center Yorktown Coast Guard Base Yorktown, USA, USA, VA, , , , , coast-guard
Travis Air Force Base in Fairfield, USA, USA, CA, , , , , air-force
Tripler Medical Center Army Base in Honolulu, USA, USA, HI, , , , , army
Twentynine Palms Marine Corps Twentynine Palms, USA, USA, CA, , , , , marine-corps
Tyndall Air Force Base in Panama City, USA, USA, FL, , , , , air-force
Umatilla Chemical Depot Army Base in Umatilla, USA, USA, OR, , , , , army
United States Disciplinary Barracks in Fort Leavenworth, USA, USA, KS, , , , , army
US Military Academy Army Base in West Point, USA, USA, NY, , , , , army
USCG ISC Honolulu Coast Guard Base in Honolulu, USA, USA, HI, , , , , coast-guard
USCG Juneau Coast Guard Base in Juneau, USA, USA, AK, , , , , coast-guard
Vance Air Force Base in Enid, USA, USA, OK, , , , , air-force
Vandenberg Air Force Base in Lompoc, USA, USA, CA, , , , , air-force
Vessel Document Center Coast Guard Falling Waters, USA, USA, WV, , , , , coast-guard
Walter Reed Medical Center in Washington, USA, USA, DC, , , , , army
Warrenton Training Center Army Base in Alexandria, USA, USA, VA, , , , , army
Watervilet Arsenal Army Base in Watervilet, USA, USA, NY, , , , , army
Westover Air Force Base in Westover, USA, USA, MA, , , , , air-force
White Sands Missile Range Army Base in Otero, USA, USA, NM, , , , , army
Whiteman Air Force Base in Johnson, USA, USA, MO, , , , , air-force
Wright Patterson Air Force Base in Montgomery, USA, USA, OH, , , , , air-force
Yakima Training Center Army Base in Yakima, USA, USA, WA, , , , , army
Youngstown–Warren Air Reserve Station in Vienna, USA, USA, OH, , , , , air-force
Yuma Proving Ground Army Base in Yuma County, USA, USA, AZ, , , , , army
Bagram Air Base in Parvan Province, USA, Afghanistan, , , , 34.946111, 69.265, air-force
Camp Dwyer Marine Base in Hemland River Valley, USA, Afghanistan, , , , , , marine-corps
Camp Leatherneck Marine in Helmand Province, USA, Afghanistan, , , , , , marine-corps
FOB Delaram Marine Corps Base in Delaram, USA, Afghanistan, , , , 32.163889, 63.430833, marine-corps
Kandahar International Airport in Kandahar, USA, Afghanistan, , , , , , joint-operations
Shindand Air Base Herat Province, USA, Afghanistan, , , , , , joint-operations
NRCC Bahrain Navy Base in Bahrain, USA, Bahrain, , , , 26.051907, 50.541057, navy
NSA Bahrain Navy Base in Bahrain, USA, Bahrain, , , , 26.209722, 50.609722, navy
USAG Benelux Army Base in Benelux, USA, Belgium, , , , , , army
USAG Brussels Army Base in Brussels, USA, Belgium, , , , , , army
Aitos Logistics Center Air Force Base in Aitos, USA, Bulgaria, , , , , , air-force; army; coast-guard; joint-operations; marine-corps; navy
Bezmer Air Force Base in Yambol, USA, Bulgaria, , , , , , air-force
GRAF Ignatievo Air Force Base in Plovdiv, USA, Bulgaria, , , , , , air-force
Novo Selo Range Army Base in Novo Selo, USA, Bulgaria, , , , , , army
Guantanamo Naval Base in Guantanamo, USA, Cuba, , , , , , navy
Camp Lemonnier, USA, Djibouti, , , , 11.543611, 43.148611, navy
Campbell Barracks Army Base in Heidelberg, USA, Germany, , , , , , army
Landstuhl Medical Center Army in Landstuhl, USA, Germany, , , , , , army
NATO Base Geilenkirchen Geilenkirchen, USA, Germany, , , , 50.960833, 6.0425, joint-operations
Panzer Kaserne Marine Corps Base Boeblingen, USA, Germany, , , , , , marine-corps
Patrick Henry Village Army Base in Heidelberg, USA, Germany, , , , , , army
Ramstein Air Force Base in Kaiserslautern, USA, Germany, , , , , , air-force
Spangdahlem Air Force Base in Trier, USA, Germany, , , , , , air-force
USAG Ansbach Army Base in Ansbach, USA, Germany, , , , 49.300884, 10.573165, army
USAG Bamberg Army Base in Bamberg, USA, Germany, , , , , , army
USAG Baumholder Army Base in Baumholder, USA, Germany, , , , , , army
USAG Darmstadt Army Base in Cooperstrasse, USA, Germany, , , , , , army
USAG Garmisch Army Garmisch Partenkirchen, USA, Germany, , , , 47.492343, 11.086231, army
USAG Grafenwoehr Army Base in Grafenwoehr, USA, Germany, , , , 49.721373, 11.902607, army
USAG Heidelberg Army Base in Heidelberg, USA, Germany, , , , , , army
USAG Hessen Army Base in Hanau, USA, Germany, , , , , , army
USAG Hohenfels Army Base Truppenubungsplatz, USA, Germany, , , , 52.584563, 10.753928, army
USAG Kaiserslautern Army Base in Kaiserslautern, USA, Germany, , , , , , army
USAG Mannheim Army Base in Heidelberg, USA, Germany, , , , , , army
USAG Schweinfurt Army Base in Schweinfurt, USA, Germany, , , , , , army
USAG Stuttgart Army Base in Stuttgart, USA, Germany, , , , , , army
USAG Wiesbaden Army Base in Wiesbaden, USA, Germany, , , , , , army
NSA Souda Bay Naval Base in Souday Bay, USA, Greece, , , , 35.483333, 24.138056, navy
Thule Air Force Base in Thule, USA, Greenland, , , , , , air-force
Andersen Air Force Base in Yigo, USA, Guam, , , , , , air-force
Naval Base Guam Navy Base in Apra Harbor, USA, Guam, , , , , , navy
Naval Force Maria NAS Navy Base in Maria NAS, USA, Guam, , , , , , navy
Wheeler Army Airfield Base in Wahiawa, USA, Hawaii, , , , , , army
Camp Baharia Marine Corps Base in Fallujah, USA, Iraq, , , , , , air-force; army; coast-guard; joint-operations; marine-corps; navy
Camp Bucca Joint Operations Base in Umm Qasr, USA, Iraq, , , , , , air-force; army; coast-guard; joint-operations; marine-corps; navy
Camp Fallujah Army Base in Fallujah, USA, Iraq, , , , , , army
Camp Justice Army Base in Kadhimiya, USA, Iraq, , , , , , army
Camp Taji Joint Operations Base in Taji, USA, Iraq, , , , , , air-force; army; coast-guard; joint-operations; marine-corps; navy
Camp Victory Army Base in Baghdad, USA, Iraq, , , , , , army
Cop Shocker Joint Operations Base in Zurbatiyah, USA, Iraq, , , , , , joint-operations
FOB Abu Ghraib Army Base in Abu Ghraib, USA, Iraq, , , , , , army
FOB Grizzly Army Base in Al Khalis, USA, Iraq, , , , , , army
FOB Sykes Army Base in Ninewah Province, USA, Iraq, , , , , , army
Joint Base Balad Joint Operations Base in Balad, USA, Iraq, , , , , , joint-operations
Muharraq Airfield Adjacent to Bahrain International Airport, USA, Iraq, , , , , , navy
Victory Base Complex Joint Operations Baghdad, USA, Iraq, , , , , , joint-operations
Aviano Air Force Base in Aviano, USA, Italy, , , , , , air-force
Camp Darby Army Base in Tirrenia, USA, Italy, , , , , , army
Caserma Ederle Army Base in Vicenza, USA, Italy, , , , , , army
NAS Sigonella Navy Base in Sicily, USA, Italy, , , , , , navy
Naval Computer and Telecommunications Station Naples, USA, Italy, , , , , , navy
NSA Gaeta Navy Base in Gaeta, USA, Italy, , , , , , navy
NSA La Maddalena Navy Base in La Maddalena, USA, Italy, , , , , , navy
NSA Naples Navy Base Naples Italy in Naples, USA, Italy, , , , , , navy
Camp Courtney Marine Corps Base in Uruma, USA, Japan, , , , , , air-force; army; coast-guard; joint-operations; marine-corps; navy
Camp Foster Marine Corps Base in Ginowan, USA, Japan, , , , , , marine-corps
Camp Fuji Marine Corps in Shizuoka Prefecture, USA, Japan, , , , , , marine-corps
Camp Gonsalves Marine Corps in Northern Okinawa, USA, Japan, , , , , , marine-corps
Camp Hansen Marine Corps in Okinawa, USA, Japan, , , , , , marine-corps
Camp Kinser Marine Corps in Okinawa, USA, Japan, , , , , , marine-corps
Camp Lester Marine Corps Base in Chatan Town, USA, Japan, , , , , , marine-corps
Camp Mctureous Marine Corps in Kawasaki Village, USA, Japan, , , , , , marine-corps
Camp Schwab Marine Corps Base in Okinawa, USA, Japan, , , , , , marine-corps
Camp SD Butler Marine Corps Base in Okinawa, USA, Japan, , , , , , marine-corps
Camp Zama Army Base in Zama, USA, Japan, , , , , , army
Fleet Activities Okinawa Naval Base in Okinawa, USA, Japan, , , , , , navy
Fleet Activities Sasebo Naval Base in Sasebo, USA, Japan, , , , , , navy
Fleet Activities Yokosuka Naval Base in Yokosuka, USA, Japan, , , , , , navy
Fort Buckner Army Base in Okinawa, USA, Japan, , , , , , army
Kadena Air Force Base in Okinawa, USA, Japan, , , , , , air-force
MCAS Futenma Marine Corps in Ginowan, USA, Japan, , , , , , marine-corps
MCAS Iwakuni Marine Corps Base in Nishiki, USA, Japan, , , , , , marine-corps
Misawa Air Force Base in Misawa, USA, Japan, , , , , , air-force
Naval Air Facility Atsugi Navy Base in Kanagawa, USA, Japan, , , , , , navy
Naval Air Facility Misawa, USA, Japan, , , , , , navy
Torii Station Army Base in Okinawa, USA, Japan, , , , , , army
Yokota Air Force Base in Fussa, USA, Japan, , , , , , air-force
Yontan Airfield Marine Corps Base in Okinawa, USA, Japan, , , , , , marine-corps
Camp Bondsteel Army Base in Ferizaj, USA, Kosovo, , , , , , army
Ali Al Salem Air Base in Kuwait City, USA, Kuwait, , , , , , air-force; army; coast-guard; joint-operations; marine-corps; navy
Camp Arifjan Army Base in Arifjan, USA, Kuwait, , , , , , army
Camp Buehring Army Base in Udari, USA, Kuwait, , , , , , army
Camp Doha Army Base in Kuwait Bay, USA, Kuwait, , , , , , army
Camp New York Army Base in Kuwait Desert, USA, Kuwait, , , , , , army
Camp Partriot Army Base in Southeast Coast, USA, Kuwait, , , , , , army
Camp Spearhead Army Base in Shuaiba, USA, Kuwait, , , , , , army
Camp Virginia Army Base in Al Jahra, USA, Kuwait, , , , , , army
Transit Center At Manasas Air Force Bishkek, USA, Kyrgyzstan, , , , , , air-force
Joint Force Command in Brunssum, USA, Netherlands, , , , , , joint-operations
USAG Schinnen Army Base in Schinnen, USA, Netherlands, , , , , , army
Naval Medical Research Unit Six in Peru, USA, Peru, , , , , , navy
Lajes Field Air Force Base in Lajes, USA, Portugal, , , , , , air-force
Camp Santiago Army Base in Salinas, USA, Puerto Rico, , , , , , army
Fort Allen Army Base in Juana Diaz, USA, Puerto Rico, , , , , , army
Fort Buchanan Army Base in Guaynabo, USA, Puerto Rico, , , , , , army
San Juan Army National Guard Isla Verde, USA, Puerto Rico, , , , , , army
Al Udeid Air Force Base in Doha, USA, Qatar, , , , , , air-force; army; coast-guard; joint-operations; marine-corps; navy
Eskan Village Air Force Base in Riyadh, USA, Saudi Arabia, , , , , , air-force
King Abdul Aziz Air Base Eastern Province, USA, Saudi Arabia, , , , , , air-force
King Fahd Air Force Base in Dammam, USA, Saudi Arabia, , , , , , air-force
King Khalid Air Base in Khamis Mushayt, USA, Saudi Arabia, , , , , , air-force
Riyadh Air Force Base in Riyadh, USA, Saudi Arabia, , , , , , air-force
COMLOG Westpac Navy Base in Singapore, USA, Singapore, , , , , , navy
Sembawang Airbase in Northern Part of Singapore, USA, Singapore, , , , , , navy
Camp Carroll Army Base in Daegu City, USA, South Korea, , , , , , army
Camp Casey Army Base in Daegu City, USA, South Korea, , , , , , army
Camp Castle Army Base in Daegu City, USA, South Korea, , , , , , army
Camp Hovey Army Base in Seoul City, USA, South Korea, , , , , , army
Camp Humphreys Army Base in Anjung Ri, USA, South Korea, , , , , , army
Camp Market Army Base in Bupyeong, USA, South Korea, , , , , , army
Camp Red Cloud Army Base in Uijeongbu, USA, South Korea, , , , , , army
Camp Stanley Army Base in Uijeongbu, USA, South Korea, , , , , , army
Fleet Activities Chinhae Navy Base in Busan, USA, South Korea, , , , , , navy
K 16 Air Base Army Base in Seongnam, USA, South Korea, , , , , , army
Kunsan Air Force Base in Gunsan, USA, South Korea, , , , , , air-force
Osan Air Force Base in Songtan, USA, South Korea, , , , , , air-force
USAG Daegu Army Base in Daegu, USA, South Korea, , , , , , army
USAG Yongsan Army Base in Yongsan, USA, South Korea, , , , , , army
Moron Air Force Base Moron De La Frontera, USA, Spain, , , , 37.174722, -5.615833, air-force
Naval Station Rota Naval Base in Rota, USA, Spain, , , , 36.616667, -6.35, navy
Incirlik Air Base in Incirlik, USA, Turkey, , , , , , air-force
Izmir Air Force Base in Izmir, USA, Turkey, , , , , , air-force
RAF Alconbury in Alconbury, USA, United Kingdom, , , , , , air-force
RAF Croughton Air Force Base in Northamptonshire, USA, United Kingdom, , , , , , air-force
RAF Fairford Air Force Base in Fairford, USA, United Kingdom, , , , , , air-force
RAF Lakenheath Air Force in Lakenheath, USA, United Kingdom, , , , , , air-force
RAF Menwith Hill Air Force Harrogate, USA, United Kingdom, , , , , , air-force
RAF Mildenhall Air Force in Mildenhall, USA, United Kingdom, , , , , , air-force
Aberdeen Proving Ground Army Base in Aberdeen, USA, USA, MD, , , , , air-force; army; coast-guard; joint-operations; marine-corps; navy
Air Force Academy AFB in Colorado Springs, USA, USA, CO, , , , , air-force; army; coast-guard; joint-operations; marine-corps; navy
Air Station Cape Cod Coast Guard Base in Cape Cod, USA, USA, MA, , , , , air-force; army; coast-guard; joint-operations; marine-corps; navy
Air Station Clearwater Coast Guard Base in Clearwater, USA, USA, FL, , , , , air-force; army; coast-guard; joint-operations; marine-corps; navy
Air Station Elizabeth City Coast Guard Base in Elizabeth City, USA, USA, NC, , , , , air-force; army; coast-guard; joint-operations; marine-corps; navy
Altus Air Force Base in Altus, USA, USA, OK, , , , , air-force
Andrews Air Force Base in Poing Mugu, USA, USA, CA, , , , , air-force
Anniston Army Depot Base in Bynum, USA, USA, AL, , , , , air-force; army; coast-guard; joint-operations; marine-corps; navy
Arnold Air Force Base in Tullahoma, USA, USA, TN, , , , , air-force
Autec Complex Navy Base in West Palm Beach, USA, USA, FL, , , , , air-force; army; coast-guard; joint-operations; marine-corps; navy
Aviation Training Center Coast Guard Base in Mobile, USA, USA, AL, , , , , coast-guard
Camp Eagle Army Base in South Korea, USA, USA, , , , , , army
Camp Justice Naval Base in Diego Garcia, USA, USA, , , , , , air-force; army; coast-guard; joint-operations; marine-corps; navy
Kunia Field Station Navy Base in Oahu, USA, USA, , , , , , navy
Mississippi Gulfport Battalion Center, USA, USA, , , , , , navy
Navy Yard Navy Base in Washington DC, USA, USA, , , , , , navy
Station Castle Hill Coast Guard Newport, USA, USA, Rhode Island, , , , , coast-guard
Station Point Judith USCG Narragansett, USA, USA, Rhode Island, , , , , coast-guard